<?xml version="1.0" encoding="UTF-8"?>
<beans xmlns="http://www.springframework.org/schema/beans"
       xmlns:xsi="http://www.w3.org/2001/XMLSchema-instance" xmlns:mvn="http://www.springframework.org/schema/mvc"
       xmlns:mvc="http://www.springframework.org/schema/mvc"
       xmlns:context="http://www.springframework.org/schema/context"
       xsi:schemaLocation="http://www.springframework.org/schema/beans http://www.springframework.org/schema/beans/spring-beans.xsd http://www.springframework.org/schema/mvc https://www.springframework.org/schema/mvc/spring-mvc.xsd http://www.springframework.org/schema/context https://www.springframework.org/schema/context/spring-context.xsd">

    <!-- 配置自动扫描的包 -->
    <context:component-scan base-package="com.atguigu.imperial.court.controller"/>

    <!-- 配置视图解析器 -->
    <bean id="thymeleafViewResolver" class="org.thymeleaf.spring5.view.ThymeleafViewResolver">
        <property name="order" value="1"/>
        <property name="characterEncoding" value="UTF-8"/>
        <property name="templateEngine">
            <bean class="org.thymeleaf.spring5.SpringTemplateEngine">
                <property name="templateResolver">
                    <bean class="org.thymeleaf.spring5.templateresolver.SpringResourceTemplateResolver">
                        <property name="prefix" value="/WEB-INF/templates/"/>
                        <property name="suffix" value=".html"/>
                        <property name="characterEncoding" value="UTF-8"/>
                        <property name="templateMode" value="HTML5"/>
                    </bean>
                </property>
            </bean>
        </property>
    </bean>

    <!-- 开启 SpringMVC 的注解驱动功能 -->
    <mvn:annotation-driven />

    <!-- 让 SpringMVC 对没有 @RequestMapping 的请求直接放行 -->
    <mvc:default-servlet-handler />

    <!-- 配置 view-controller -->
    <mvc:view-controller path="/" view-name="index" />

</beans>